title,url
Unicorn Tracks,../../../unicorn-tracks_951/index.html
"Saga, Volume 6 (Saga (Collected Editions) #6)",../../../saga-volume-6-saga-collected-editions-6_924/index.html
Princess Between Worlds (Wide-Awake Princess #5),../../../princess-between-worlds-wide-awake-princess-5_919/index.html
Masks and Shadows,../../../masks-and-shadows_909/index.html
Crown of Midnight (Throne of Glass #2),../../../crown-of-midnight-throne-of-glass-2_888/index.html
"Avatar: The Last Airbender: Smoke and Shadow, Part 3 (Smoke and Shadow #3)",../../../avatar-the-last-airbender-smoke-and-shadow-part-3-smoke-and-shadow-3_881/index.html
A Court of Thorns and Roses (A Court of Thorns and Roses #1),../../../a-court-of-thorns-and-roses-a-court-of-thorns-and-roses-1_874/index.html
Throne of Glass (Throne of Glass #1),../../../throne-of-glass-throne-of-glass-1_868/index.html
The Glittering Court (The Glittering Court #1),../../../the-glittering-court-the-glittering-court-1_845/index.html
Hollow City (Miss Peregrineâ€™s Peculiar Children #2),../../../hollow-city-miss-peregrines-peculiar-children-2_813/index.html
The Star-Touched Queen,../../../the-star-touched-queen_764/index.html
The Hidden Oracle (The Trials of Apollo #1),../../../the-hidden-oracle-the-trials-of-apollo-1_752/index.html
The Bane Chronicles (The Bane Chronicles #1-11),../../../the-bane-chronicles-the-bane-chronicles-1-11_746/index.html
Island of Dragons (Unwanteds #7),../../../island-of-dragons-unwanteds-7_705/index.html
Demigods & Magicians: Percy and Annabeth Meet the Kanes (Percy Jackson & Kane Chronicles Crossover #1-3),../../../demigods-magicians-percy-and-annabeth-meet-the-kanes-percy-jackson-kane-chronicles-crossover-1-3_685/index.html
City of Glass (The Mortal Instruments #3),../../../city-of-glass-the-mortal-instruments-3_678/index.html
Searching for Meaning in Gailana,../../../searching-for-meaning-in-gailana_648/index.html
The Star-Touched Queen,../../../the-star-touched-queen_642/index.html
A Shard of Ice (The Black Symphony Saga #1),../../../a-shard-of-ice-the-black-symphony-saga-1_558/index.html
King's Folly (The Kinsman Chronicles #1),../../../kings-folly-the-kinsman-chronicles-1_473/index.html
Every Heart a Doorway (Every Heart A Doorway #1),../../../every-heart-a-doorway-every-heart-a-doorway-1_465/index.html
A Gathering of Shadows (Shades of Magic #2),../../../a-gathering-of-shadows-shades-of-magic-2_456/index.html
The Raven Boys (The Raven Cycle #1),../../../the-raven-boys-the-raven-cycle-1_411/index.html
The False Prince (The Ascendance Trilogy #1),../../../the-false-prince-the-ascendance-trilogy-1_402/index.html
Tell the Wind and Fire,../../../tell-the-wind-and-fire_396/index.html
A Feast for Crows (A Song of Ice and Fire #4),../../../a-feast-for-crows-a-song-of-ice-and-fire-4_357/index.html
The Demonists (Demonist #1),../../../the-demonists-demonist-1_345/index.html
The Beast (Black Dagger Brotherhood #14),../../../the-beast-black-dagger-brotherhood-14_342/index.html
Paper and Fire (The Great Library #2),../../../paper-and-fire-the-great-library-2_339/index.html
Harry Potter and the Order of the Phoenix (Harry Potter #5),../../../harry-potter-and-the-order-of-the-phoenix-harry-potter-5_327/index.html
Harry Potter and the Half-Blood Prince (Harry Potter #6),../../../harry-potter-and-the-half-blood-prince-harry-potter-6_326/index.html
Harry Potter and the Chamber of Secrets (Harry Potter #2),../../../harry-potter-and-the-chamber-of-secrets-harry-potter-2_325/index.html
The Rose & the Dagger (The Wrath and the Dawn #2),../../../the-rose-the-dagger-the-wrath-and-the-dawn-2_278/index.html
Soldier (Talon #3),../../../soldier-talon-3_222/index.html
Midnight Riot (Peter Grant/ Rivers of London - books #1),../../../midnight-riot-peter-grant-rivers-of-london-books-1_194/index.html
Heir to the Sky,../../../heir-to-the-sky_166/index.html
Eragon (The Inheritance Cycle #1),../../../eragon-the-inheritance-cycle-1_153/index.html
Darkfever (Fever #1),../../../darkfever-fever-1_145/index.html
Ash,../../../ash_123/index.html
A Storm of Swords (A Song of Ice and Fire #3),../../../a-storm-of-swords-a-song-of-ice-and-fire-3_116/index.html
Vampire Girl (Vampire Girl #1),../../../vampire-girl-vampire-girl-1_92/index.html
The Silent Twin (Detective Jennifer Knight #3),../../../the-silent-twin-detective-jennifer-knight-3_82/index.html
The Mirror & the Maze (The Wrath and the Dawn #1.5),../../../the-mirror-the-maze-the-wrath-and-the-dawn-15_73/index.html
Sister Sable (The Mad Queen #1),../../../sister-sable-the-mad-queen-1_54/index.html
Shadow Rites (Jane Yellowrock #10),../../../shadow-rites-jane-yellowrock-10_51/index.html
Origins (Alphas 0.5),../../../origins-alphas-05_42/index.html
One Second (Seven #7),../../../one-second-seven-7_41/index.html
Myriad (Prentor #1),../../../myriad-prentor-1_36/index.html
